Reaction ID,Reaction Name,Metabolite,Metabolite ID,Metabolite Name,
EX_10fthf5glu_e,10-formyltetrahydrofolate-[Glu](5) exchange,10fthf5glu_e,10fthf5glu_e,10-formyltetrahydrofolate-[Glu](5),
EX_10fthf6glu_e,10-formyltetrahydrofolate-[Glu](6) exchange,10fthf6glu_e,10fthf6glu_e,10-formyltetrahydrofolate-[Glu](6),
EX_10fthf7glu_e,10-formyltetrahydrofolate-[Glu](7) exchange,10fthf7glu_e,10fthf7glu_e,10-formyltetrahydrofolate-[Glu](7),
EX_10fthf_e,10-Formyltetrahydrofolate exchange,10fthf_e,10fthf_e,10-Formyltetrahydrofolate,
EX_11_cis_retfa_e,Fatty acid 11-cis-retinol exchange,11_cis_retfa_e,11_cis_retfa_e,Fatty acid 11-cis-retinol,
EX_13_cis_retnglc_e,13-cis-retinoyl glucuronide exchange,13_cis_retnglc_e,13_cis_retnglc_e,13-cis-retinoyl glucuronide,
EX_1glyc_hs_e,1 acyl phosphoglycerol exchange,1glyc_hs_e,1glyc_hs_e,1 acyl phosphoglycerol,
EX_1mncam_e,1-Methylnicotinamide exchange,1mncam_e,1mncam_e,1 Methylnicotinamide C7H9N2O,
EX_2425dhvitd2_e,"24R,25-Dihyoxyvitamin D2 exchange",2425dhvitd2_e,2425dhvitd2_e,"24R,25-Dihyoxyvitamin D2",
EX_2425dhvitd3_e,"24R,25-Dihydroxyvitamin D3 exchange",2425dhvitd3_e,2425dhvitd3_e,"24R,25-Dihydroxyvitamin D3",
EX_24nph_e,"2,4 dihydroxy nitrophenol exchange",24nph_e,24nph_e,"2,4 dihydroxy nitrophenol",
EX_25hvitd2_e,25-Hydroxyvitamin D2 exchange,25hvitd2_e,25hvitd2_e,25-Hydroxyvitamin D2,
EX_25hvitd3_e,25-Hydroxyvitamin D3 exchange,25hvitd3_e,25hvitd3_e,25-Hydroxyvitamin D3,
EX_2hb_e,2 Hydroxybutyrate exchange,2hb_e,2hb_e,2 Hydroxybutyrate C4H7O3,
EX_2mcit_e,2-Methylcitrate exchange,2mcit_e,2mcit_e,2-Methylcitrate,
EX_34dhoxpeg_e,"3,4-Dihydroxyphenylethyleneglycol exchange",34dhoxpeg_e,34dhoxpeg_e,"3,4-Dihydroxyphenylethyleneglycol",
EX_34dhphe_e,"3,4-Dihydroxy-L-phenylalanine exchange",34dhphe_e,34dhphe_e,"3,4-Dihydroxy-L-phenylalanine",
EX_35cgmp_e,"3',5'-Cyclic GMP exchange",35cgmp_e,35cgmp_e,"3',5'-Cyclic GMP",
EX_3aib__D_e,D-3-Amino-isobutanoate exchange,3aib__D_e,3aib__D_e,D-3-Amino-isobutanoate,
EX_3aib_e,L-3-Amino-isobutanoate exchange,3aib_e,3aib_e,L-3-Amino-isobutanoate,
EX_3mlda_e,3-Methylimidazoleacetic acid exchange,3mlda_e,3mlda_e,3-Methylimidazoleacetic acid,
EX_4abut_e,4-Aminobutanoate exchange,4abut_e,4abut_e,4-Aminobutanoate,
EX_4hdebrisoquine_e,4 hydroxy debrisoquine exchange,4hdebrisoquine_e,4hdebrisoquine_e,4hdebrisoquine c,
EX_4hphac_e,4 hydroxyphenylacetate exchange,4hphac_e,4hphac_e,4-Hydroxyphenylacetate,
EX_4mtolbutamide_e,4 hydroxy tolbutamide exchange,4mtolbutamide_e,4mtolbutamide_e,4mtolbutamide c,
EX_4nph_e,4-Nitrophenol exchange,4nph_e,4nph_e,4-Nitrophenol,
EX_4nphsf_e,4-Nitrophenyl sulfate exchange,4nphsf_e,4nphsf_e,4-Nitrophenyl sulfate,
EX_4pyrdx_e,4-Pyridoxate exchange,4pyrdx_e,4pyrdx_e,4-Pyridoxate,
EX_5adtststerone_e,5alpha-Dihydrotestosterone exchange,5adtststerone_e,5adtststerone_e,5alpha-Dihydrotestosterone,
EX_5adtststeroneglc_e,5alpha-Dihydrotestosterone glucuronide exchange,5adtststeroneglc_e,5adtststeroneglc_e,5alpha-Dihydrotestosterone glucuronide,
EX_5adtststerones_e,5alpha-Dihydrotestosterone sulfate exchange,5adtststerones_e,5adtststerones_e,5alpha-Dihydrotestosterone sulfate,
EX_5dhf_e,Pentaglutamyl folate (DHF) exchange,5dhf_e,5dhf_e,Pentaglutamyl folate (DHF),
EX_5fthf_e,5-Formyltetrahydrofolate exchange,5fthf_e,5fthf_e,5-Formyltetrahydrofolate,
EX_5homeprazole_e,5 hydroxy omeprazole exchange,5homeprazole_e,5homeprazole_e,5homeprazole c,
EX_5htrp_e,5-Hydroxy-L-tryptophan exchange,5htrp_e,5htrp_e,5-Hydroxy-L-tryptophan,
EX_5mthf_e,5-Methyltetrahydrofolate exchange,5mthf_e,5mthf_e,5-Methyltetrahydrofolate,
EX_5thf_e,Pentaglutamyl folate (THF) exchange,5thf_e,5thf_e,Pentaglutamyl folate (THF),
EX_6dhf_e,Haxglutamyl folate (DHF) exchange,6dhf_e,6dhf_e,Haxglutamyl folate (DHF),
EX_6htststerone_e,6 beta hydroxy testosterone exchange,6htststerone_e,6htststerone_e,6 beta hydroxy testosterone,
EX_6thf_e,Hexaglutamyl folate  (THF) exchange,6thf_e,6thf_e,Hexaglutamyl folate  (THF),
EX_7dhf_e,Heptaglutamyl folate (DHF) exchange,7dhf_e,7dhf_e,Heptaglutamyl folate (DHF),
EX_7thf_e,Heptaglutamyl folate (THF) exchange,7thf_e,7thf_e,Heptaglutamyl folate (THF),
EX_9_cis_retfa_e,Fatty acid 9-cis-retinol exchange,9_cis_retfa_e,9_cis_retfa_e,Fatty acid 9-cis-retinol,
EX_clpnd_e,Clupanodonic acid (docosapentaenoic (n-3)) exchange,clpnd_e,clpnd_e,Clupanodonic acid,
EX_cysi__L_e,L Cystine exchange,cysi__L_e,cysi__L_e,L Cystine C6H12N2O4S2,
EX_Rtotal2_e,R total 2 position exchange,Rtotal2_e,Rtotal2_e,R total 2 position,
EX_Rtotal3_e,R total 3 position exchange,Rtotal3_e,Rtotal3_e,R total 3 position,
EX_Rtotal_e,R total exchange,Rtotal_e,Rtotal_e,Rtotal c,
EX_Tyr_ggn_e,Tyr-194 of apo-glycogenin protein (primer for glycogen synthesis) exchange,Tyr_ggn_e,Tyr_ggn_e,Tyr-194 of apo-glycogenin protein (primer for glycogen synthesis),
EX_abt_e,L Arabinitol exchange,abt_e,abt_e,L Arabinitol C5H12O5,
EX_ac_e,Acetate exchange,ac_e,ac_e,Acetate,
EX_acac_e,Acetoacetate exchange,acac_e,acac_e,Acetoacetate,
EX_acald_e,Acetaldehyde exchange,acald_e,acald_e,Acetaldehyde,
EX_acetone_e,Acetone exchange,acetone_e,acetone_e,Acetone,
EX_acgalfucgalacgalfuc12gal14acglcgalgluside_hs_e,Type IIIA glycolipid exchange,acgalfucgalacgalfuc12gal14acglcgalgluside_hs_e,acgalfucgalacgalfuc12gal14acglcgalgluside_hs_e,Type IIIA glycolipid,
EX_acgalfucgalacgalfucgalacglcgal14acglcgalgluside_hs_e,Type IIIAb exchange,acgalfucgalacgalfucgalacglcgal14acglcgalgluside_hs_e,acgalfucgalacgalfucgalacglcgal14acglcgalgluside_hs_e,Type IIIAb,
EX_acgam_e,N-Acetyl-D-glucosamine exchange,acgam_e,acgam_e,N-Acetyl-D-glucosamine,
EX_ach_e,Acetylcholine exchange,ach_e,ach_e,Acetylcholine,
EX_acn13acngalgbside_hs_e,"Sialyl (1,3) sialyl (2,6) galactosylgloboside (homo sapiens) exchange",acn13acngalgbside_hs_e,acn13acngalgbside_hs_e,"Sialyl (1,3) sialyl (2,6) galactosylgloboside (homo sapiens)",
EX_acn23acngalgbside_hs_e,"Sialyl (2,3) sialyl (2,6) galactosylgloboside (homo sapiens) exchange",acn23acngalgbside_hs_e,acn23acngalgbside_hs_e,"Sialyl (2,3) sialyl (2,6) galactosylgloboside (homo sapiens)",
EX_acnacngal14acglcgalgluside_hs_e,"3',8'-LD1 exchange",acnacngal14acglcgalgluside_hs_e,acnacngal14acglcgalgluside_hs_e,"3',8'-LD1",
EX_acnacngalgbside_hs_e,Disialyl galactosylgloboside (homo sapiens) exchange,acnacngalgbside_hs_e,acnacngalgbside_hs_e,Disialyl galactosylgloboside (homo sapiens),
EX_acngalacglcgal14acglcgalgluside_hs_e,VI3NeuAc-nLc6Cer exchange,acngalacglcgal14acglcgalgluside_hs_e,acngalacglcgal14acglcgalgluside_hs_e,VI3NeuAc-nLc6Cer,
EX_ade_e,Adenine exchange,ade_e,ade_e,Adenine,
EX_adn_e,Adenosine exchange,adn_e,adn_e,Adenosine,
EX_adp_e,Adp exchange,adp_e,adp_e,ADP C10H12N5O10P2,
EX_adprbp_e,ADPribose 2'-phosphate exchange,adprbp_e,adprbp_e,ADPribose 2'-phosphate,
EX_adprib_e,ADPribose exchange,adprib_e,adprib_e,ADPribose C15H21N5O14P2,
EX_adrn_e,Adrenic acid exchange,adrn_e,adrn_e,Adrenic acid,
EX_adrnl_e,Adrenaline exchange,adrnl_e,adrnl_e,Adrenaline,
EX_aflatoxin_e,Aflatoxin B1 exchange,aflatoxin_e,aflatoxin_e,Aflatoxin c,
EX_ahandrostanglc_e,Etiocholan-3alpha-ol-17-one 3-glucuronide exchange,ahandrostanglc_e,ahandrostanglc_e,Etiocholan-3alpha-ol-17-one 3-glucuronide,
EX_ak2lgchol_hs_e,1-alkyl 2-lysoglycerol 3-phosphocholine exchange,ak2lgchol_hs_e,ak2lgchol_hs_e,1-alkyl 2-lysoglycerol 3-phosphocholine,
EX_akg_e,2-Oxoglutarate exchange,akg_e,akg_e,2-Oxoglutarate,
EX_ala_B_e,Beta-Alanine exchange,ala_B_e,ala_B_e,Beta-Alanine,
EX_ala__D_e,D-Alanine exchange,ala__D_e,ala__D_e,D-Alanine,
EX_ala__L_e,L-Alanine exchange,ala__L_e,ala__L_e,L-Alanine,
EX_aldstrn_e,Aldosterone exchange,aldstrn_e,aldstrn_e,Aldstrn c,
EX_amp_e,AMP exchange,amp_e,amp_e,AMP C10H12N5O7P,
EX_andrstrn_e,Androsterone exchange,andrstrn_e,andrstrn_e,Andrstrn c,
EX_andrstrnglc_e,Androsterone glucuronide exchange,andrstrnglc_e,andrstrnglc_e,Androsterone glucuronide,
EX_antipyrene_e,Antipyrene exchange,antipyrene_e,antipyrene_e,Antipyrene c,
EX_apnnox_e,Alpha-Pinene-oxide exchange,apnnox_e,apnnox_e,Alpha-Pinene-oxide,
EX_appnn_e,(+)-alpha-Pinene exchange,appnn_e,appnn_e,(+)-alpha-Pinene,
EX_aprgstrn_e,20alpha-Hydroxyprogesterone exchange,aprgstrn_e,aprgstrn_e,20alpha-Hydroxyprogesterone,
EX_aqcobal_e,Aquacob(III)alamin exchange,aqcobal_e,aqcobal_e,Aquacob(III)alamin,
EX_arab__L_e,L-Arabinose exchange,arab__L_e,arab__L_e,L-Arabinose,
EX_arach_e,Arachidic acid exchange,arach_e,arach_e,Arachidic acid,
EX_arachd_e,NC20:4 exchange,arachd_e,arachd_e,Arachidonic acid,
EX_arg__L_e,L-Arginine exchange,arg__L_e,arg__L_e,L-Arginine,
EX_ascb__L_e,L-Ascorbate exchange,ascb__L_e,ascb__L_e,L-Ascorbate,
EX_asn__L_e,L-Asparagine exchange,asn__L_e,asn__L_e,L-Asparagine,
EX_asp__D_e,D-Aspartate exchange,asp__D_e,asp__D_e,D-Aspartate,
EX_asp__L_e,L-Aspartate exchange,asp__L_e,asp__L_e,L-Aspartate,
EX_atp_e,EX atp LPAREN e RPAREN ,atp_e,atp_e,ATP C10H12N5O13P3,
EX_avite1_e,Alpha-Tocopherol exchange,avite1_e,avite1_e,Alpha-Tocopherol,
EX_avite2_e,Alpha-Tocotrienol exchange,avite2_e,avite2_e,Alpha-Tocotrienol,
EX_bhb_e,(R)-3-Hydroxybutanoate transport via H+ symport,bhb_e,bhb_e,(R)-3-Hydroxybutanoate,
EX_bildglcur_e,Bilirubin beta-diglucuronide exchange,bildglcur_e,bildglcur_e,Bilirubin beta-diglucuronide,
EX_bilglcur_e,Bilirubin monoglucuronide exchange,bilglcur_e,bilglcur_e,Bilirubin monoglucuronide,
EX_bilirub_e,Bilirubin exchange,bilirub_e,bilirub_e,Bilirubin cytosol,
EX_biocyt_e,Biocytin exchange,biocyt_e,biocyt_e,Biocyt c,
EX_btn_e,Biotin exchange,btn_e,btn_e,Biotin,
EX_but_e,Butyrate (n-C4:0) exchange,but_e,but_e,Butyrate (n-C4:0),
EX_bvite_e,Beta-tocopherol exchange,bvite_e,bvite_e,Beta-Tocopherol,
EX_bz_e,Benzoate exchange,bz_e,bz_e,Benzoate,
EX_ca2_e,Calcium exchange,ca2_e,ca2_e,Calcium,
EX_camp_e,CAMP exchange,camp_e,camp_e,CAMP C10H11N5O6P,
EX_caro_e,Beta-Carotene exchange,caro_e,caro_e,Beta-Carotene,
EX_carveol_e,(E)-carveol exchange,carveol_e,carveol_e,(-)-trans-carveol,
EX_cca_d3_e,Calcitroic acid (D3) exchange,cca_d3_e,cca_d3_e,Calcitroic acid (D3),
EX_cgly_e,Cys-Gly exchange,cgly_e,cgly_e,Cys Gly C5H10N2O3S,
EX_chol_e,Choline exchange,chol_e,chol_e,Choline C5H14NO,
EX_cholate_e,Cholate exchange,cholate_e,cholate_e,Cholate c,
EX_chsterol_e,Cholesterol exchange,chsterol_e,chsterol_e,Chsterol c,
EX_chtn_e,Chitin exchange,chtn_e,chtn_e,Chtn c,
EX_cit_e,Citrate exchange,cit_e,cit_e,Citrate,
EX_cl_e,Chloride exchange,cl_e,cl_e,Chloride,
EX_cmp_e,CMP exchange,cmp_e,cmp_e,CMP C9H12N3O8P,
EX_co2_e,CO2 exchange,co2_e,co2_e,CO2 CO2,
EX_co_e,EX co LPAREN e RPAREN ,co_e,co_e,Carbon monoxide,
EX_coumarin_e,Coumarin exchange,coumarin_e,coumarin_e,Coumarin, 2H-1-Benzopyran-2-one
EX_creat_e,Creatine exchange,creat_e,creat_e,Creatine cytosol,
EX_crmp_hs_e,Ceramide 1-phosphate exchange,crmp_hs_e,crmp_hs_e,Ceramide 1-phosphate,
EX_crn_e,L-Carnitine exchange,crn_e,crn_e,L-Carnitine,
EX_crvnc_e,NC22:6 exchange,crvnc_e,crvnc_e,"Cervonic acid, C22:6 n-3",
EX_csn_e,Cytosine exchange,csn_e,csn_e,Cytosine,
EX_cspg_a_e,Chondroitin sulfate A (GalNAc4S-GlcA) proteoglycan exchange,cspg_a_e,cspg_a_e,Chondroitin sulfate A (GalNAc4S-GlcA) proteoglycan,
EX_cspg_b_e,Chondroitin sulfate B / dermatan sulfate (IdoA2S-GalNAc4S) proteoglycan exchange,cspg_b_e,cspg_b_e,Chondroitin sulfate B / dermatan sulfate (IdoA2S-GalNAc4S) proteoglycan,
EX_cspg_c_e,Chondroitin sulfate C (GalNAc6S-GlcA) proteoglycan exchange,cspg_c_e,cspg_c_e,Chondroitin sulfate C (GalNAc6S-GlcA) proteoglycan,
EX_cspg_d_e,Chondroitin sulfate D (GlcNAc6S-GlcA2S) proteoglycan exchange,cspg_d_e,cspg_d_e,Chondroitin sulfate D (GlcNAc6S-GlcA2S) proteoglycan,
EX_cspg_e_e,"Chondroitin sulfate E (GalNAc4,6diS-GlcA) proteoglycan exchange",cspg_e_e,cspg_e_e,"Chondroitin sulfate E (GalNAc4,6diS-GlcA) proteoglycan",
EX_cyan_e,Hydrogen cyanide exchange,cyan_e,cyan_e,Hydrogen cyanide,
EX_cys__L_e,L-Cysteine exchange,cys__L_e,cys__L_e,L-Cysteine,
EX_cytd_e,Cytidine exchange,cytd_e,cytd_e,Cytidine,
EX_dad_2_e,Deoxyadenosine exchange,dad_2_e,dad_2_e,Deoxyadenosine,
EX_dad_5_e,5'-Deoxyadenosine exchange,dad_5_e,dad_5_e,5'-Deoxyadenosine,
EX_dag_hs_e,Diacylglycerol (homo sapiens) exchange,dag_hs_e,dag_hs_e,Diacylglycerol (homo sapiens),
EX_dcsptn1_e,"Docosa-4,7,10,13,16-pentaenoic acid (n-6) exchange",dcsptn1_e,dcsptn1_e,"Docosa-4,7,10,13,16-pentaenoic acid (n-6)",
EX_dcyt_e,Deoxycytidine exchange,dcyt_e,dcyt_e,Deoxycytidine,
EX_debrisoquine_e,EX debrisoquine e,debrisoquine_e,debrisoquine_e,Debrisoquine c,
EX_dgchol_e,Chenodeoxyglycocholate exchange,dgchol_e,dgchol_e,Chenodeoxyglycocholate,
EX_dgsn_e,Deoxyguanosine exchange,dgsn_e,dgsn_e,Deoxyguanosine,
EX_dhdascb_e,Dehydroascorbate exchange,dhdascb_e,dhdascb_e,Dehydroascorbate,
EX_dheas_e,Dehydroepiandrosterone sulfate exchange,dheas_e,dheas_e,Dehydroepiandrosterone sulfate,
EX_dhf_e,"7,8-Dihydrofolate exchange",dhf_e,dhf_e,"7,8-Dihydrofolate",
EX_digalsgalside_hs_e,Digalactosylceramidesulfate exchange,digalsgalside_hs_e,digalsgalside_hs_e,Digalactosylceramidesulfate,
EX_din_e,Deoxyinosine exchange,din_e,din_e,Deoxyinosine,
EX_dlnlcg_e,Dihomo-gamma-linolenic acid (n-6) exchange,dlnlcg_e,dlnlcg_e,Dihomo-gamma-linolenic acid (n-6),
EX_dmantipyrine_e,Demethylated antipyrine exchange,dmantipyrine_e,dmantipyrine_e,Dmantipyrine c,
EX_dmhptcrn_e,"2,6 dimethylheptanoyl carnitine exchange",dmhptcrn_e,dmhptcrn_e,"2,6 dimethylheptanoyl carnitine",
EX_dopa_e,Dopamine exchange,dopa_e,dopa_e,Dopamine,
EX_dopasf_e,Dopamine 3-O-sulfate exchange,dopasf_e,dopasf_e,Dopamine 3-O-sulfate,
EX_drib_e,Deoxy D Ribose exchange,drib_e,drib_e,Deoxyribose C5H10O4,
EX_duri_e,Deoxyuridine exchange,duri_e,duri_e,Deoxyuridine,
EX_eaflatoxin_e,"8,9 epxoy aflatoxin B1 exchange",eaflatoxin_e,eaflatoxin_e,"8,9 epxoy aflatoxin B1",
EX_ebastine_e,Ebastine exchange,ebastine_e,ebastine_e,Ebastine c,
EX_ebastineoh_e,Hydroxylated ebastine exchange,ebastineoh_e,ebastineoh_e,Hydroxylated ebastine,
EX_eicostet_e,Eicosatetranoic acid exchange,eicostet_e,eicostet_e,Eicosatetranoic acid,
EX_elaid_e,Elaidic acid exchange,elaid_e,elaid_e,Elaidic acid,
EX_estradiolglc_e,Estradiol glucuronide exchange,estradiolglc_e,estradiolglc_e,17beta-estradiol 3-glucosiduronic acid,
EX_estriolglc_e,16-Glucuronide-estriol exchange,estriolglc_e,estriolglc_e,16-Glucuronide-estriol,
EX_estroneglc_e,Estrone glucuronide exchange,estroneglc_e,estroneglc_e,Estrone 3-glucosiduronic acid,
EX_estrones_e,Estrone 3-sulfate exchange,estrones_e,estrones_e,Estrone 3-sulfate,
EX_etoh_e,Ethanol exchange,etoh_e,etoh_e,Ethanol,
EX_fe2_e,Fe2+ exchange,fe2_e,fe2_e,Fe2+ mitochondria,
EX_fe3_e,Fe3+ exchange,fe3_e,fe3_e,Iron (Fe3+),
EX_fol_e,EX fol LPAREN e RPAREN ,fol_e,fol_e,Folate,
EX_for_e,Formate exchange,for_e,for_e,Formate,
EX_fru_e,D-Fructose exchange,fru_e,fru_e,D-Fructose,
EX_fuc13galacglcgal14acglcgalgluside_hs_e,III3Fuc-nLc6Cer exchange,fuc13galacglcgal14acglcgalgluside_hs_e,fuc13galacglcgal14acglcgalgluside_hs_e,III3Fuc-nLc6Cer,
EX_fuc14galacglcgalgluside_hs_e,Lea glycolipid exchange,fuc14galacglcgalgluside_hs_e,fuc14galacglcgalgluside_hs_e,Lea glycolipid,
EX_fuc__L_e,L-Fucose exchange,fuc__L_e,fuc__L_e,L-Fucose,
EX_fucacgalfucgalacglcgalgluside_hs_e,(Gal)2 (GalNAc)1 (Glc)1 (GlcNAc)1 (LFuc)2 (Cer)1 exchange,fucacgalfucgalacglcgalgluside_hs_e,fucacgalfucgalacglcgalgluside_hs_e,(Gal)2 (GalNAc)1 (Glc)1 (GlcNAc)1 (LFuc)2 (Cer)1,
EX_fucacngal14acglcgalgluside_hs_e,"IV3-a-NeuAc,III3-a-Fuc-nLc4Cer exchange",fucacngal14acglcgalgluside_hs_e,fucacngal14acglcgalgluside_hs_e,"IV3-a-NeuAc,III3-a-Fuc-nLc4Cer",
EX_fucacngalacglcgalgluside_hs_e,"IV3-a-Neu5Ac,III4-a-Fuc-Lc4Cer exchange",fucacngalacglcgalgluside_hs_e,fucacngalacglcgalgluside_hs_e,"IV3-a-Neu5Ac,III4-a-Fuc-Lc4Cer",
EX_fucfuc12gal14acglcgalgluside_hs_e,Ley glycolipid exchange,fucfuc12gal14acglcgalgluside_hs_e,fucfuc12gal14acglcgalgluside_hs_e,Ley glycolipid,
EX_fucfuc132galacglcgal14acglcgalgluside_hs_e,"V3Fuc,III3Fuc-nLc6Cer exchange",fucfuc132galacglcgal14acglcgalgluside_hs_e,fucfuc132galacglcgal14acglcgalgluside_hs_e,"V3Fuc,III3Fuc-nLc6Cer",
EX_fucfucfucgalacglc13galacglcgal14acglcgalgluside_hs_e,(Gal)4 (Glc)1 (GlcNAc)3 (LFuc)3 (Cer)1 exchange,fucfucfucgalacglc13galacglcgal14acglcgalgluside_hs_e,fucfucfucgalacglc13galacglcgal14acglcgalgluside_hs_e,(Gal)4 (Glc)1 (GlcNAc)3 (LFuc)3 (Cer)1,
EX_fucfucfucgalacglcgal14acglcgalgluside_hs_e,(Gal)3 (Glc)1 (GlcNAc)2 (LFuc)3 (Cer)1 exchange,fucfucfucgalacglcgal14acglcgalgluside_hs_e,fucfucfucgalacglcgal14acglcgalgluside_hs_e,(Gal)3 (Glc)1 (GlcNAc)2 (LFuc)3 (Cer)1,
EX_fucfucgalacglcgalgluside_hs_e,Leb glycolipid exchange,fucfucgalacglcgalgluside_hs_e,fucfucgalacglcgalgluside_hs_e,Leb glycolipid,
EX_fucgal14acglcgalgluside_hs_e,Lacto-N-fucopentaosyl III ceramide exchange,fucgal14acglcgalgluside_hs_e,fucgal14acglcgalgluside_hs_e,Lacto-N-fucopentaosyl III ceramide,
EX_fucgalfucgalacglcgalgluside_hs_e,(Gal)3 (Glc)1 (GlcNAc)1 (LFuc)2 (Cer)1 exchange,fucgalfucgalacglcgalgluside_hs_e,fucgalfucgalacglcgalgluside_hs_e,(Gal)3 (Glc)1 (GlcNAc)1 (LFuc)2 (Cer)1,
EX_fucgalgbside_hs_e,Fucosyl galactosylgloboside (homo sapiens) exchange,fucgalgbside_hs_e,fucgalgbside_hs_e,Fucosyl galactosylgloboside (homo sapiens),
EX_gal_e,D-Galactose exchange,gal_e,gal_e,D-Galactose,
EX_galacglcgalgbside_hs_e,Gal-GlcNAc-Gal globoside (homo sapiens) exchange,galacglcgalgbside_hs_e,galacglcgalgbside_hs_e,Gal-GlcNAc-Gal globoside (homo sapiens),
EX_galfuc12gal14acglcgalgluside_hs_e,(Gal)3 (Glc)1 (GlcNAc)1 (LFuc)1 (Cer)1 exchange,galfuc12gal14acglcgalgluside_hs_e,galfuc12gal14acglcgalgluside_hs_e,(Gal)3 (Glc)1 (GlcNAc)1 (LFuc)1 (Cer)1,
EX_galfucgalacglcgal14acglcgalgluside_hs_e,(Gal)4 (Glc)1 (GlcNAc)2 (LFuc)1 (Cer)1 exchange,galfucgalacglcgal14acglcgalgluside_hs_e,galfucgalacglcgal14acglcgalgluside_hs_e,(Gal)4 (Glc)1 (GlcNAc)2 (LFuc)1 (Cer)1,
EX_galgalfucfucgalacglcgalacglcgal14acglcgalgluside_hs_e,(Gal)6 (Glc)1 (GlcNAc)3 (LFuc)2 (Cer)1 exchange,galgalfucfucgalacglcgalacglcgal14acglcgalgluside_hs_e,galgalfucfucgalacglcgalacglcgal14acglcgalgluside_hs_e,(Gal)6 (Glc)1 (GlcNAc)3 (LFuc)2 (Cer)1,
EX_galgalgalthcrm_hs_e,Gal-Gal-Gal-Gal-Gal-Glc-Cer (homo sapiens) exchange,galgalgalthcrm_hs_e,galgalgalthcrm_hs_e,Gal-Gal-Gal-Gal-Gal-Glc-Cer (homo sapiens),
EX_gam_e,D-Glucosamine exchange,gam_e,gam_e,D-Glucosamine,
EX_gbside_hs_e,Globoside (homo sapiens) exchange,gbside_hs_e,gbside_hs_e,Globoside (homo sapiens),
EX_gchola_e,Glycocholate exchange,gchola_e,gchola_e,Glycocholate,
EX_gd1b2_hs_e,GD1beta (homo sapiens) exchange,gd1b2_hs_e,gd1b2_hs_e,GD1beta (homo sapiens),
EX_gd1c_hs_e,GD1c (homo sapiens) exchange,gd1c_hs_e,gd1c_hs_e,GD1c (homo sapiens),
EX_gdchola_e,Glycochenodeoxycholate exchange,gdchola_e,gdchola_e,Glycochenodeoxycholate,
EX_gdp_e,GDP exchange,gdp_e,gdp_e,GDP C10H12N5O11P2,
EX_glc__D_e,D-Glucose exchange,glc__D_e,glc__D_e,D-Glucose,
EX_gln__L_e,L-Glutamine exchange,gln__L_e,gln__L_e,L-Glutamine,
EX_glu__L_e,L-Glutamate exchange,glu__L_e,glu__L_e,L-Glutamate,
EX_gluala_e,5-L-Glutamyl-L-alanine exchange,gluala_e,gluala_e,5 L Glutamyl L alanine C8H13N2O5,
EX_gly_e,Glycine exchange,gly_e,gly_e,Glycine,
EX_glyb_e,Glycine betaine exchange,glyb_e,glyb_e,Glycine betaine,
EX_glyc_e,Glycerol exchange,glyc_e,glyc_e,Glycerol,
EX_glyc__S_e,(S)-Glycerate exchange,glyc__S_e,glyc__S_e,(S)-Glycerate,
EX_glygn2_e,"Glycogen, structure 2 (glycogenin-1,6-{7[1,4-Glc], 4[1,4-Glc]}) exchange",glygn2_e,glygn2_e,"Glycogen, structure 2 (glycogenin-1,6-{7[1,4-Glc], 4[1,4-Glc]})",
EX_glygn4_e,"Glycogen, structure 4 (glycogenin-1,6-{2[1,4-Glc], [1,4-Glc]}) exchange",glygn4_e,glygn4_e,"Glycogen, structure 4 (glycogenin-1,6-{2[1,4-Glc], [1,4-Glc]})",
EX_glygn5_e,"Glycogen, structure 5 (glycogenin-2[1,4-Glc]) exchange",glygn5_e,glygn5_e,"Glycogen, structure 5 (glycogenin-2[1,4-Glc])",
EX_gmp_e,GMP exchange,gmp_e,gmp_e,GMP C10H12N5O8P,
EX_gp1c_hs_e,GP1c (homo sapiens) exchange,gp1c_hs_e,gp1c_hs_e,GP1c (homo sapiens),
EX_gp1calpha_hs_e,GP1c alpha  (homo sapiens) exchange,gp1calpha_hs_e,gp1calpha_hs_e,GP1c alpha  (homo sapiens),
EX_gq1b_hs_e,GQ1b (homo sapiens) exchange,gq1b_hs_e,gq1b_hs_e,GQ1b (homo sapiens),
EX_gq1balpha_hs_e,GQ1balpha (homo sapiens) exchange,gq1balpha_hs_e,gq1balpha_hs_e,GQ1balpha (homo sapiens),
EX_gsn_e,Guanosine exchange,gsn_e,gsn_e,Guanosine,
EX_gt1a_hs_e,GT1a (homo sapiens) exchange,gt1a_hs_e,gt1a_hs_e,GT1a (homo sapiens),
EX_gthox_e,Oxidized glutathione exchange,gthox_e,gthox_e,Oxidized glutathione,
EX_gthrd_e,Reduced glutathione exchange,gthrd_e,gthrd_e,Reduced glutathione,
EX_gtp_e,GTP exchange,gtp_e,gtp_e,GTP C10H12N5O14P3,
EX_gua_e,Guanine exchange,gua_e,gua_e,Guanine,
EX_h2o2_e,Hydrogen peroxide exchange,h2o2_e,h2o2_e,Hydrogen peroxide,
EX_h2o_e,H2O exchange,h2o_e,h2o_e,H2O H2O,
EX_h_e,H+ exchange,h_e,h_e,H+,
EX_ha_e,Hyaluronan exchange,ha_e,ha_e,Hyaluronan,
EX_ha_pre1_e,"Hyaluronan biosynthesis, precursor 1 exchange",ha_pre1_e,ha_pre1_e,"Hyaluronan biosynthesis, precursor 1",
EX_hco3_e,EX hco3 LPAREN e RPAREN ,hco3_e,hco3_e,Bicarbonate,
EX_hcoumarin_e,Hydroxy coumarin exchange,hcoumarin_e,hcoumarin_e,Umbelliferone, 7-Hydroxy-2H-1-Benzopyran-2-one
EX_hdca_e,Hexadecanoate (n-C16:0) exchange,hdca_e,hdca_e,Hexadecanoate (n-C16:0),
EX_hdcea_e,Hexadecenoate (n-C16:1) exchange,hdcea_e,hdcea_e,Hexadecenoate (n-C16:1),
EX_hestratriol_e,"4,17 dihydroxy estradiol exchange",hestratriol_e,hestratriol_e,"4,17 dihydroxy estradiol",
EX_hexc_e,Hexacosanoate  n C260  exchange,hexc_e,hexc_e,Hexacosanoate  n C260  C26H51O2,
EX_his__L_e,L-Histidine exchange,his__L_e,his__L_e,L-Histidine,
EX_hista_e,Histamine exchange,hista_e,hista_e,Histamine extracellular,
EX_hom__L_e,L-Homoserine exchange,hom__L_e,hom__L_e,L-Homoserine,
EX_hpdca_e,Heptadecanoate exchange,hpdca_e,hpdca_e,Heptadecanoate  C170  C17H33O2,
EX_hspg_e,Heparan sulfate proteoglycan exchange,hspg_e,hspg_e,Heparan sulfate proteoglycan,
EX_htaxol_e,Hydroxylated taxol exchange,htaxol_e,htaxol_e,Hydroxylated taxol,
EX_hxan_e,Hypoxanthine exchange,hxan_e,hxan_e,Hypoxanthine,
EX_i_e,Iodide exchange,i_e,i_e,I c,
EX_idp_e,IDP exchange,idp_e,idp_e,IDP C10H11N4O11P2,
EX_ile__L_e,L-Isoleucine exchange,ile__L_e,ile__L_e,L-Isoleucine,
EX_imp_e,IMP exchange,imp_e,imp_e,IMP C10H11N4O8P,
EX_inost_e,Myo-Inositol exchange,inost_e,inost_e,Myo-Inositol,
EX_ins_e,Inosine exchange,ins_e,ins_e,Inosine,
EX_k_e,K+ exchange,k_e,k_e,Potassium,
EX_ksi_e,Keratan sulfate I exchange,ksi_e,ksi_e,Keratan sulfate I,
EX_ksi_deg1_e,"Keratan sulfate I, degradation product 1 exchange",ksi_deg1_e,ksi_deg1_e,"Keratan sulfate I, degradation product 1",
EX_ksii_core2_e,Keratan sulfate II (core 2-linked) exchange,ksii_core2_e,ksii_core2_e,Keratan sulfate II (core 2-linked),
EX_ksii_core4_e,Keratan sulfate II (core 4-linked) exchange,ksii_core4_e,ksii_core4_e,Keratan sulfate II (core 4-linked),
EX_lac__D_e,D-lactate exchange,lac__D_e,lac__D_e,D-Lactate,
EX_lac__L_e,L-Lactate exchange,lac__L_e,lac__L_e,L-Lactate,
EX_lcts_e,Lactose exchange,lcts_e,lcts_e,Lactose C12H22O11,
EX_leu__L_e,L-Leucine exchange,leu__L_e,leu__L_e,L-Leucine,
EX_leuktrC4_e,Leukotriene C4 exchange,leuktrC4_e,leuktrC4_e,Leukotriene C4 ER,
EX_lgnc_e,Lignoceric acid exchange,lgnc_e,lgnc_e,Lignoceric acid,
EX_limnen_e,Limonene exchange,limnen_e,limnen_e,Limnen c,
EX_lipoate_e,Lipoate exchange,lipoate_e,lipoate_e,Lipoate,
EX_lneldc_e,Linoelaidic acid exchange,lneldc_e,lneldc_e,Linoelaidic acid (all trans C18:2),
EX_lnlc_e,Linoleic acid (all cis C18:2) exchange,lnlc_e,lnlc_e,Linoleic acid (all cis C18:2) n-6,
EX_lnlnca_e,Alpha-Linolenic acid exchange,lnlnca_e,lnlnca_e,"Alpha-Linolenic acid, C18:3, n-3",
EX_lnlncg_e,Gamma-linolenic acid exchange,lnlncg_e,lnlncg_e,Gamma-linolenic acid,
EX_lpchol_hs_e,Lysophosphatidylcholine (homo sapiens) exchange,lpchol_hs_e,lpchol_hs_e,Lysophosphatidylcholine (homo sapiens),
EX_lys__L_e,L-Lysine exchange,lys__L_e,lys__L_e,L-Lysine,
EX_mag_hs_e,Monoacylglycerol 2 (homo sapiens) exchange,mag_hs_e,mag_hs_e,Monoacylglycerol 2 (homo sapiens),
EX_malt_e,Maltose exchange,malt_e,malt_e,Maltose C12H22O11,
EX_malttr_e,Maltotriose exchange,malttr_e,malttr_e,Maltotriose C18H32O16,
EX_man_e,D-Mannose exchange,man_e,man_e,D-Mannose,
EX_meoh_e,Methanol exchange,meoh_e,meoh_e,Methanol,
EX_mepi_e,Metanephrine exchange,mepi_e,mepi_e,Metanephrine,
EX_mercplaccys_e,3-mercaptolactate-cysteine disulfide exchange,mercplaccys_e,mercplaccys_e,3-mercaptolactate-cysteine disulfide,
EX_met__L_e,L-Methionine exchange,met__L_e,met__L_e,L-Methionine,
EX_mthgxl_e,Methylglyoxal exchange,mthgxl_e,mthgxl_e,Methylglyoxal,
EX_n2m2nmasn_e,"N-Acetyl-beta-D-glucosaminyl-1,2-alpha-D-mannosyl-1,3-(N-acetyl-beta-D-glucosaminyl-1,2-alpha-D-mannosyl-1,6)-(N-acetyl-beta-D-glucosaminyl-1,4)-beta-D-mannosyl-1,4-N-acetyl-beta-D-glucosaminyl-R exchange",n2m2nmasn_e,n2m2nmasn_e,"N-Acetyl-beta-D-glucosaminyl-1,2-alpha-D-mannosyl-1,3-(N-acetyl-beta-D-glucosaminyl-1,2-alpha-D-mannosyl-1,6)-(N-acetyl-beta-D-glucosaminyl-1,4)-beta-D-mannosyl-1,4-N-acetyl-beta-D-glucosaminyl-R",
EX_na1_e,Sodium exchange,na1_e,na1_e,Sodium,
EX_nac_e,Nicotinate exchange,nac_e,nac_e,Nicotinate,
EX_nad_e,Nicotinamide adenine dinucleotide exchange,nad_e,nad_e,Nicotinamide adenine dinucleotide,
EX_nadp_e,Nicotinamide adenine dinucleotide phosphate exchange,nadp_e,nadp_e,Nicotinamide adenine dinucleotide phosphate,
EX_ncam_e,Nicotinamide exchange,ncam_e,ncam_e,Nicotinamide,
EX_nh4_e,Ammonia exchange,nh4_e,nh4_e,Ammonium,
EX_nifedipine_e,Nifedipine exchange,nifedipine_e,nifedipine_e,Nifedipine c,
EX_no_e,Nitric oxide exchange,no_e,no_e,Nitric oxide,
EX_npthl_e,Naphthalene exchange,npthl_e,npthl_e,Naphthalene,
EX_nrpphr_e,Norepinephrine exchange,nrpphr_e,nrpphr_e,Norepinephrine,
EX_nrpphrsf_e,Sulfate derivative of norepinephrine exchange,nrpphrsf_e,nrpphrsf_e,Sulfate derivative of norepinephrine,
EX_nrvnc_e,Nervonic acid exchange,nrvnc_e,nrvnc_e,Nervonic acid,
EX_o2_e,O2 exchange,o2_e,o2_e,O2 O2,
EX_o2s_e,Superoxide anion exchange,o2s_e,o2s_e,Superoxide anion,
EX_oagd3_hs_e,9-O-Acetylated GD3 (homo sapiens) exchange,oagd3_hs_e,oagd3_hs_e,9-O-Acetylated GD3 (homo sapiens),
EX_oagt3_hs_e,9-O-Acetylated GT3 (homo sapiens) exchange,oagt3_hs_e,oagt3_hs_e,9-O-Acetylated GT3 (homo sapiens),
EX_ocdca_e,Octadecanoate (n-C18:0) exchange,ocdca_e,ocdca_e,Octadecanoate (n-C18:0),
EX_ocdcea_e,Octadecenoate (n-C18:1) exchange,ocdcea_e,ocdcea_e,Octadecenoate (n-C18:1),
EX_octa_e,Octanoate (n-C8:0) exchange,octa_e,octa_e,Octanoate (n-C8:0),
EX_oh1_e,OH1 Exchange,oh1_e,oh1_e,Hydroxide ion HO,
EX_omeprazole_e,Omeprazole exchange,omeprazole_e,omeprazole_e,Omeprazole c,
EX_onpthl_e,Naphthalene epoxide exchange,onpthl_e,onpthl_e,Naphthalene epoxide,
EX_orn_e,Ornithine exchange,orn_e,orn_e,Ornithine,
EX_oxa_e,Oxalate exchange,oxa_e,oxa_e,Oxalate,
EX_paf_hs_e,1-alkyl 2-acteylglycerol 3-phosphocholine (homo sapiens) exchange,paf_hs_e,paf_hs_e,1-alkyl 2-acteylglycerol 3-phosphocholine (homo sapiens),
EX_pchol_hs_e,Phosphatidylcholine (homo sapiens) exchange,pchol_hs_e,pchol_hs_e,Phosphatidylcholine (homo sapiens),
EX_pe_hs_e,Phosphatidylethanolamine (homo sapiens) exchange,pe_hs_e,pe_hs_e,Phosphatidylethanolamine (homo sapiens),
EX_peplys_e,Peptidyl-L-lysine exchange,peplys_e,peplys_e,Peptidyl-L-lysine,
EX_perillyl_e,Perillyl alcohol exchange,perillyl_e,perillyl_e,Perillyl alcohol,
EX_pglyc_hs_e,Phosphatidylglycerol (homo sapiens) exchange,pglyc_hs_e,pglyc_hs_e,Phosphatidylglycerol (homo sapiens),
EX_phe__L_e,L-Phenylalanine exchange,phe__L_e,phe__L_e,L-Phenylalanine,
EX_pheacgln_e,Alpha-N-Phenylacetyl-L-glutamine exchange,pheacgln_e,pheacgln_e,Alpha-N-Phenylacetyl-L-glutamine,
EX_pheme_e,Protoheme exchange,pheme_e,pheme_e,Protoheme C34H30FeN4O4,
EX_phllqne_e,EX phyQ e,phllqne_e,phllqne_e,Phylloquinone,
EX_phyt_e,Phytanic acid exchange,phyt_e,phyt_e,Phytanic acid,
EX_pi_e,Phosphate exchange,pi_e,pi_e,Phosphate,
EX_pnto__R_e,(R)-Pantothenate exchange,pnto__R_e,pnto__R_e,(R)-Pantothenate,
EX_ppa_e,Propionate exchange,ppa_e,ppa_e,Propionate (n-C3:0),
EX_pro__D_e,D-Proline exchange,pro__D_e,pro__D_e,D-Proline,
EX_pro__L_e,L-Proline exchange,pro__L_e,pro__L_e,L-Proline,
EX_prostgd2_e,Prostaglandin D2 exchange,prostgd2_e,prostgd2_e,Prostaglandin D2,
EX_prostge1_e,Prostaglandin E1 exchange,prostge1_e,prostge1_e,Prostaglandin E1,
EX_prostge2_e,Prostaglandin E2 exchange,prostge2_e,prostge2_e,Prostaglandin E2,
EX_prostgf2_e,Prostaglandin F2alpha exchange,prostgf2_e,prostgf2_e,Prostaglandin F2alpha,
EX_ps_hs_e,Phosphatidylserine (homo sapiens) exchange,ps_hs_e,ps_hs_e,Phosphatidylserine (homo sapiens),
EX_ptdca_e,Pentadecanoate exchange,ptdca_e,ptdca_e,Pentadecanoate  C150  C15H29O2,
EX_pydam_e,Pyridoxamine exchange,pydam_e,pydam_e,Pyridoxamine,
EX_pydx_e,Pyridoxal exchange,pydx_e,pydx_e,Pyridoxal,
EX_pydxn_e,Pyridoxine exchange,pydxn_e,pydxn_e,Pyridoxine,
EX_pyr_e,Pyruvate exchange,pyr_e,pyr_e,Pyruvate,
EX_rbt_e,Ribitol exchange,rbt_e,rbt_e,Ribitol,
EX_retfa_e,Fatty acid retinol exchange,retfa_e,retfa_e,Fatty acid retinol,
EX_retinol_9_cis_e,9-cis-retinol exchange,retinol_9_cis_e,retinol_9_cis_e,9-cis-retinol,
EX_retinol_e,Retinol exchange,retinol_e,retinol_e,All-trans-Retinol,
EX_retinol_cis_11_e,Cis-11-retinol exchange,retinol_cis_11_e,retinol_cis_11_e,11-cis-Retinol,
EX_retn_e,Retinoate exchange,retn_e,retn_e,Retinoate,
EX_retnglc_e,Retinoyl glucuronide exchange,retnglc_e,retnglc_e,Retinoyl glucuronide,
EX_retpalm_e,Retinyl palminate exchange,retpalm_e,retpalm_e,All-trans-Retinyl palmitate,
EX_rib__D_e,D-Ribose exchange,rib__D_e,rib__D_e,D-Ribose,
EX_ribflv_e,Riboflavin exchange,ribflv_e,ribflv_e,Riboflavin C17H20N4O6,
EX_s2l2fn2m2masn_e,PA6 exchange,s2l2fn2m2masn_e,s2l2fn2m2masn_e,PA6,
EX_s2l2n2m2masn_e,De-Fuc form of PA6 exchange,s2l2n2m2masn_e,s2l2n2m2masn_e,De-Fuc form of PA6,
EX_sarcs_e,Sarcosine exchange,sarcs_e,sarcs_e,Sarcosine C3H7NO2,
EX_sel_e,Selenate exchange,sel_e,sel_e,Selenate,
EX_ser__D_e,D-Serine exchange,ser__D_e,ser__D_e,D-Serine,
EX_ser__L_e,L-Serine exchange,ser__L_e,ser__L_e,L-Serine,
EX_sl__L_e,L-sulfolactate exchange,sl__L_e,sl__L_e,Sl  L c,
EX_so4_e,Sulfate exchange,so4_e,so4_e,Sulfate,
EX_spc_hs_e,Sphingosylphosphorylcholine (homo sapiens) exchange,spc_hs_e,spc_hs_e,Sphingosylphosphorylcholine (homo sapiens),
EX_sph1p_e,Sphinganine 1-phosphate exchange,sph1p_e,sph1p_e,Sphinganine 1 phosphate C18H39NO5P,
EX_sphs1p_e,Sphingosine 1-phosphate exchange,sphs1p_e,sphs1p_e,Sphingosine 1-phosphate,
EX_srtn_e,Serotonin exchange,srtn_e,srtn_e,Serotonin,
EX_strch1_e,"Starch, structure 1 (1,6-{7[1,4-Glc], 4[1,4-Glc]}) exchange",strch1_e,strch1_e,"Starch, structure 1 (1,6-{7[1,4-Glc], 4[1,4-Glc]})",
EX_strch2_e,"Starch, structure 2 (1,6-{2[1,4-Glc], [1,4-Glc]}) exchange",strch2_e,strch2_e,"Starch, structure 2 (1,6-{2[1,4-Glc], [1,4-Glc]})",
EX_strdnc_e,Stearidonic acid exchange,strdnc_e,strdnc_e,"Stearidonic acid C18:4, n-3",
EX_succ_e,Succinate exchange,succ_e,succ_e,Succinate,
EX_sucr_e,Sucrose exchange,sucr_e,sucr_e,Sucrose C12H22O11,
EX_tag_hs_e,Triacylglycerol (homo sapiens) exchange,tag_hs_e,tag_hs_e,Triacylglycerol (homo sapiens),
EX_tag__D_e,D Tagatose exchange,tag__D_e,tag__D_e,D-Tagatose,
EX_taur_e,Taurine exchange,taur_e,taur_e,Taurine C2H7NO3S,
EX_taxol_e,Paclitaxel exchange,taxol_e,taxol_e,Paclitaxel,
EX_tchola_e,Taurocholic acid exchange,tchola_e,tchola_e,Taurocholic acid C26H45NO7S,
EX_tcynt_e,Thiocyanate exchange,tcynt_e,tcynt_e,Thiocyanate,
EX_tdchola_e,Taurochenodeoxycholate exchange,tdchola_e,tdchola_e,Taurochenodeoxycholate,
EX_tethex3_e,"Tetracosahexaenoic acid, n-3 exchange",tethex3_e,tethex3_e,"Tetracosahexaenoic acid, n-3",
EX_tetpent3_e,"Tetracosapentaenoic acid, n-3 exchange",tetpent3_e,tetpent3_e,"Tetracosapentaenoic acid, n-3",
EX_tetpent6_e,"Tetracosapentaenoic acid, n-6 exchange",tetpent6_e,tetpent6_e,"Tetracosapentaenoic acid, n-6",
EX_tettet6_e,Tetracosatetraenoic acid n-6 exchange,tettet6_e,tettet6_e,Tetracosatetraenoic acid n-6,
EX_thf_e,"5,6,7,8-Tetrahydrofolate exchange",thf_e,thf_e,"5,6,7,8-Tetrahydrofolate",
EX_thm_e,Thiamin exchange,thm_e,thm_e,Thiamin,
EX_thmmp_e,Thiamin monophosphate exchange,thmmp_e,thmmp_e,Thiamin monophosphate,
EX_thmtp_e,Thiamin triphosphate exchange,thmtp_e,thmtp_e,Thiamin triphosphate C12H16N4O10P3S,
EX_thr__L_e,L-Threonine exchange,thr__L_e,thr__L_e,L-Threonine,
EX_thym_e,Thymine exchange,thym_e,thym_e,Thymine C5H6N2O2,
EX_thymd_e,Thymidine exchange,thymd_e,thymd_e,Thymidine C10H14N2O5,
EX_thyox__L_e,L-Thyroxine exchange,thyox__L_e,thyox__L_e,L-Thyroxine,
EX_tmndnc_e,Timnodonic acid exchange,tmndnc_e,tmndnc_e,"Timnodonic acid C20:5, n-3",
EX_tolbutamide_e,Tolbutamide exchange,tolbutamide_e,tolbutamide_e,Tolbutamide c,
EX_tre_e,Trehalose exchange,tre_e,tre_e,Trehalose,
EX_triodthy_e,Triiodothyronine exchange,triodthy_e,triodthy_e,Triiodothyronine,
EX_triodthysuf_e,Triiodothyronine sulfate exchange,triodthysuf_e,triodthysuf_e,Triiodothyronine sulfate,
EX_trp__L_e,L-Tryptophan exchange,trp__L_e,trp__L_e,L-Tryptophan,
EX_tststeroneglc_e,Testosterone glucuronide exchange,tststeroneglc_e,tststeroneglc_e,Testosterone 3-glucosiduronic acid,
EX_tststerones_e,Testosterone sulfate exchange,tststerones_e,tststerones_e,Tststerones c,
EX_tsul_e,Thiosulfate exchange,tsul_e,tsul_e,Thiosulfate,
EX_ttdca_e,Tetradecanoate (n-C14:0) exchange,ttdca_e,ttdca_e,Tetradecanoate (n-C14:0),
EX_txa2_e,Thromboxane A2 exchange,txa2_e,txa2_e,Thromboxane A2,
EX_tymsf_e,Tyramine O-sulfate exchange,tymsf_e,tymsf_e,Tyramine O-sulfate,
EX_tyr__L_e,L-Tyrosine exchange,tyr__L_e,tyr__L_e,L-Tyrosine,
EX_udp_e,UDP exchange,udp_e,udp_e,UDP C9H11N2O12P2,
EX_ump_e,UMP exchange,ump_e,ump_e,UMP C9H11N2O9P,
EX_ura_e,Uracil exchange,ura_e,ura_e,Uracil,
EX_urate_e,Urate exchange,urate_e,urate_e,Urate C5H4N4O3,
EX_urea_e,Urea exchange,urea_e,urea_e,Urea CH4N2O,
EX_uri_e,Uridine exchange,uri_e,uri_e,Uridine,
EX_utp_e,UTP exchange,utp_e,utp_e,UTP C9H11N2O15P3,
EX_vacc_e,Vaccenic acid exchange,vacc_e,vacc_e,Vaccenic acid,
EX_val__L_e,L-Valine exchange,val__L_e,val__L_e,L-Valine,
EX_vitd2_e,Vitamin D2 exchange,vitd2_e,vitd2_e,Vitamin D2, ergocalciferol
EX_vitd3_e,Vitamin D3 exchange,vitd3_e,vitd3_e,Calciol, (+)-Vitamin D3
EX_whddca_e,Omega hydroxy dodecanoate (n-C12:0) exchange,whddca_e,whddca_e,Omega hydroxy dodecanoate (n-C12:0),
EX_whhdca_e,Omega hydroxy hexadecanoate (n-C16:0) exchange,whhdca_e,whhdca_e,Omega hydroxy hexadecanoate (n-C16:0),
EX_whtststerone_e,W hydroxy testosterone exchange,whtststerone_e,whtststerone_e,W hydroxy testosterone, 19-Hydroxytestosterone
EX_whttdca_e,Omega hydroxy tetradecanoate (n-C14:0) exchange,whttdca_e,whttdca_e,Omega hydroxy tetradecanoate (n-C14:0),
EX_xolest2_hs_e,Cholesterol ester (from FULLR2) exchange,xolest2_hs_e,xolest2_hs_e,Cholesterol ester (from FULLR2),
EX_xolest_hs_e,Cholesterol ester exchange,xolest_hs_e,xolest_hs_e,Cholesterol ester,
EX_xoltri24_e,"7-alpha,24(S)-Dihydroxycholesterol exchange",xoltri24_e,xoltri24_e,"7-alpha,24(S)-Dihydroxycholesterol",
EX_xoltri25_e,"7-alpha,25-Dihydroxycholesterol exchange",xoltri25_e,xoltri25_e,"7-alpha,25-Dihydroxycholesterol",
EX_xoltri27_e,"7-alpha,27-Dihydroxycholesterol exchange",xoltri27_e,xoltri27_e,"7-alpha,27-Dihydroxycholesterol",
EX_xyl__D_e,D-Xylose exchange,xyl__D_e,xyl__D_e,D-Xylose,
EX_xylt_e,Xylitol exchange,xylt_e,xylt_e,Xylitol C5H12O5,
